id,first_name,last_name,email,gender,ip_address
1,Arie,Brearty,abrearty0@goo.gl,Male,220.223.131.143
2,Daniela,Rickerd,drickerd1@yellowbook.com,Female,233.193.54.120
3,Marylinda,Thurlborn,mthurlborn2@chronoengine.com,Female,52.144.49.35
4,Delmore,Ralph,dralph3@umn.edu,Male,59.95.35.12
5,Sophia,Bonanno,sbonanno4@vimeo.com,Female,34.106.251.130
6,Teresina,Sarfatti,tsarfatti5@wikimedia.org,Female,122.217.192.133
7,Korry,Vodden,kvodden6@phpbb.com,Non-binary,190.230.88.134
8,Blayne,Kneesha,bkneesha7@github.io,Male,47.197.136.37
9,Nathan,Yersin,nyersin8@taobao.com,Male,110.228.236.95
10,Gareth,Candy,gcandy9@prlog.org,Male,155.103.140.36
11,Gabriela,Crowest,gcrowesta@cisco.com,Female,91.31.83.130
12,Jada,Cuolahan,jcuolahanb@infoseek.co.jp,Female,23.79.112.85
13,Luke,Spinello,lspinelloc@hexun.com,Male,14.165.62.95
14,Albert,Arnall,aarnalld@tinypic.com,Male,106.86.228.8
15,Annadiane,Goulborn,agoulborne@i2i.jp,Female,111.48.155.227
16,Aubert,Broader,abroaderf@usgs.gov,Male,86.79.122.178
17,Melvin,Odom,modomg@guardian.co.uk,Male,216.6.155.126
18,Clair,Tomashov,ctomashovh@opera.com,Female,163.146.31.183
19,Irita,Schowenburg,ischowenburgi@npr.org,Female,161.49.149.117
20,Bride,Kuhlmey,bkuhlmeyj@tiny.cc,Female,178.228.196.169
